-- phpMyAdmin SQL Dump
-- version 5.2.1
-- https://www.phpmyadmin.net/
--
-- Host: 127.0.0.1
-- Generation Time: Jan 17, 2026 at 01:48 PM
-- Server version: 10.4.32-MariaDB
-- PHP Version: 8.2.12

SET SQL_MODE = "NO_AUTO_VALUE_ON_ZERO";
START TRANSACTION;
SET time_zone = "+00:00";


/*!40101 SET @OLD_CHARACTER_SET_CLIENT=@@CHARACTER_SET_CLIENT */;
/*!40101 SET @OLD_CHARACTER_SET_RESULTS=@@CHARACTER_SET_RESULTS */;
/*!40101 SET @OLD_COLLATION_CONNECTION=@@COLLATION_CONNECTION */;
/*!40101 SET NAMES utf8mb4 */;

--
-- Database: `hotel_db`
--

-- --------------------------------------------------------

--
-- Table structure for table `bedroom`
--

CREATE TABLE `bedroom` (
  `no_kamar` varchar(10) NOT NULL,
  `id_kamar` int(11) NOT NULL,
  `lantai` int(11) NOT NULL
) ENGINE=InnoDB DEFAULT CHARSET=utf8mb4 COLLATE=utf8mb4_general_ci;

--
-- Dumping data for table `bedroom`
--

INSERT INTO `bedroom` (`no_kamar`, `id_kamar`, `lantai`) VALUES
('A01', 1, 1),
('A02', 1, 1),
('A03', 1, 1),
('A04', 1, 1),
('A05', 1, 1),
('A06', 1, 1),
('A07', 1, 1),
('A08', 1, 1),
('A09', 1, 1),
('A10', 1, 1),
('A11', 1, 2),
('A12', 1, 2),
('A13', 1, 2),
('A14', 1, 2),
('A15', 1, 2),
('A16', 1, 2),
('A17', 1, 2),
('A18', 1, 2),
('A19', 1, 2),
('A20', 1, 2),
('A21', 1, 3),
('A22', 1, 3),
('A23', 1, 3),
('A24', 1, 3),
('A25', 1, 3),
('A26', 1, 3),
('A27', 1, 3),
('A28', 1, 3),
('A29', 1, 3),
('A30', 1, 3),
('B01', 2, 4),
('B02', 2, 4),
('B03', 2, 4),
('B04', 2, 4),
('B05', 2, 4),
('B06', 2, 4),
('B07', 2, 4),
('B08', 2, 4),
('B09', 2, 5),
('B10', 2, 5),
('B11', 2, 5),
('B12', 2, 5),
('B13', 2, 5),
('B14', 2, 5),
('B15', 2, 5),
('B16', 2, 5),
('C01', 3, 6),
('C02', 3, 6),
('C03', 3, 6),
('C04', 3, 6);

-- --------------------------------------------------------

--
-- Table structure for table `menyewa`
--

CREATE TABLE `menyewa` (
  `id_sewa` int(11) NOT NULL,
  `id_cust` int(11) NOT NULL,
  `no_kamar` varchar(10) NOT NULL,
  `tgl_check_in` date NOT NULL,
  `tgl_check_out` date NOT NULL,
  `lama_menginap` int(11) NOT NULL,
  `total_harga` decimal(15,2) NOT NULL
) ENGINE=InnoDB DEFAULT CHARSET=utf8mb4 COLLATE=utf8mb4_general_ci;

--
-- Dumping data for table `menyewa`
--

INSERT INTO `menyewa` (`id_sewa`, `id_cust`, `no_kamar`, `tgl_check_in`, `tgl_check_out`, `lama_menginap`, `total_harga`) VALUES
(3, 2, 'A03', '2025-10-05', '2025-10-07', 2, 600000.00),
(4, 3, 'B01', '2025-10-10', '2025-10-13', 3, 1500000.00),
(5, 4, 'A05', '2025-10-15', '2025-10-17', 2, 600000.00),
(6, 5, 'C01', '2025-10-20', '2025-10-22', 2, 2000000.00),
(7, 6, 'A10', '2025-11-01', '2025-11-03', 2, 600000.00),
(8, 7, 'B05', '2025-11-05', '2025-11-08', 3, 1500000.00),
(9, 8, 'A15', '2025-11-10', '2025-11-12', 2, 600000.00),
(10, 9, 'C02', '2025-11-15', '2025-11-18', 3, 3000000.00),
(11, 10, 'A20', '2025-11-20', '2025-11-22', 2, 600000.00),
(12, 11, 'B10', '2025-11-25', '2025-11-28', 3, 1500000.00),
(13, 12, 'A21', '2025-12-01', '2025-12-03', 2, 600000.00),
(14, 13, 'B12', '2025-12-05', '2025-12-09', 4, 2000000.00),
(15, 14, 'C03', '2025-12-10', '2025-12-13', 3, 3000000.00),
(16, 15, 'A25', '2025-12-15', '2025-12-17', 2, 600000.00),
(17, 16, 'B15', '2025-12-20', '2025-12-24', 4, 2000000.00),
(18, 2, 'A30', '2025-12-25', '2025-12-28', 3, 900000.00),
(19, 3, 'C04', '2025-12-28', '2025-12-31', 3, 3000000.00),
(20, 17, 'A02', '2026-01-02', '2026-01-04', 2, 600000.00),
(21, 18, 'B02', '2026-01-05', '2026-01-08', 3, 1500000.00),
(22, 19, 'A06', '2026-01-08', '2026-01-10', 2, 600000.00),
(23, 20, 'C01', '2026-01-10', '2026-01-13', 3, 3000000.00),
(24, 4, 'B06', '2026-01-12', '2026-01-15', 3, 1500000.00),
(25, 5, 'A11', '2026-01-14', '2026-01-16', 2, 600000.00),
(26, 6, 'B09', '2026-01-15', '2026-01-18', 3, 1500000.00),
(27, 7, 'A16', '2026-01-16', '2026-01-18', 2, 600000.00),
(28, 8, 'C02', '2026-01-17', '2026-01-20', 3, 3000000.00),
(29, 9, 'A22', '2026-01-17', '2026-01-19', 2, 600000.00),
(30, 21, 'C03', '2026-01-21', '2026-01-31', 10, 10500000.00),
(31, 3, 'A01', '2026-01-18', '2026-01-21', 3, 900000.00),
(32, 52, 'A23', '2026-01-04', '2026-01-08', 4, 1200000.00),
(33, 15, 'B01', '2026-01-25', '2026-01-30', 5, 2500000.00),
(34, 18, 'A05', '2026-01-20', '2026-01-21', 1, 300000.00),
(35, 29, 'A22', '2026-01-26', '2026-01-29', 3, 900000.00),
(36, 41, 'A09', '2026-01-04', '2026-01-08', 4, 1200000.00),
(37, 23, 'B12', '2026-01-20', '2026-01-21', 1, 500000.00),
(38, 30, 'A22', '2026-01-13', '2026-01-16', 3, 900000.00),
(39, 23, 'B07', '2026-01-11', '2026-01-16', 5, 2500000.00),
(40, 15, 'A17', '2026-01-12', '2026-01-15', 3, 900000.00),
(41, 41, 'B01', '2026-01-07', '2026-01-12', 5, 2500000.00),
(42, 6, 'A14', '2026-01-21', '2026-01-23', 2, 600000.00),
(43, 44, 'A15', '2026-01-17', '2026-01-18', 1, 300000.00),
(44, 46, 'A10', '2026-01-19', '2026-01-23', 4, 1200000.00),
(45, 19, 'A29', '2026-01-01', '2026-01-02', 1, 300000.00),
(46, 39, 'B10', '2026-01-12', '2026-01-13', 1, 500000.00),
(47, 37, 'A06', '2026-01-17', '2026-01-21', 4, 1200000.00),
(48, 41, 'B07', '2026-01-05', '2026-01-06', 1, 500000.00),
(49, 47, 'A01', '2026-01-07', '2026-01-12', 5, 1500000.00),
(50, 37, 'A13', '2026-01-09', '2026-01-12', 3, 900000.00),
(51, 28, 'B06', '2026-01-05', '2026-01-06', 1, 500000.00),
(52, 20, 'B07', '2026-01-03', '2026-01-07', 4, 2000000.00),
(53, 29, 'B03', '2026-01-01', '2026-01-03', 2, 1000000.00),
(54, 30, 'A22', '2026-01-20', '2026-01-22', 2, 600000.00),
(55, 24, 'A02', '2026-01-27', '2026-01-31', 4, 1200000.00),
(56, 34, 'B12', '2026-01-06', '2026-01-10', 4, 2000000.00),
(57, 43, 'A05', '2026-01-18', '2026-01-20', 2, 600000.00),
(58, 17, 'A28', '2026-01-06', '2026-01-11', 5, 1500000.00),
(59, 47, 'B12', '2026-01-17', '2026-01-20', 3, 1500000.00),
(60, 38, 'B11', '2026-01-12', '2026-01-15', 3, 1500000.00),
(61, 12, 'C01', '2026-01-26', '2026-01-31', 5, 5000000.00),
(62, 6, 'A12', '2026-01-22', '2026-01-23', 1, 300000.00),
(63, 48, 'A02', '2026-01-09', '2026-01-11', 2, 600000.00),
(64, 37, 'A03', '2026-01-01', '2026-01-05', 4, 1200000.00),
(65, 10, 'A02', '2026-01-03', '2026-01-06', 3, 900000.00),
(66, 35, 'A25', '2026-01-26', '2026-01-27', 1, 300000.00),
(67, 45, 'A02', '2026-01-03', '2026-01-06', 3, 900000.00),
(68, 4, 'A07', '2026-01-15', '2026-01-18', 3, 900000.00),
(69, 15, 'B06', '2026-01-22', '2026-01-25', 3, 1500000.00),
(70, 27, 'A01', '2026-01-27', '2026-01-30', 3, 900000.00),
(71, 41, 'A03', '2026-01-13', '2026-01-18', 5, 1500000.00),
(72, 37, 'A24', '2026-01-17', '2026-01-18', 1, 300000.00),
(73, 46, 'C01', '2026-01-14', '2026-01-15', 1, 1000000.00),
(74, 27, 'A11', '2026-01-20', '2026-01-23', 3, 900000.00),
(75, 37, 'A02', '2026-01-02', '2026-01-04', 2, 600000.00),
(76, 21, 'B07', '2026-01-25', '2026-01-30', 5, 2500000.00),
(77, 46, 'A06', '2026-01-10', '2026-01-15', 5, 1500000.00),
(78, 29, 'B14', '2026-01-22', '2026-01-23', 1, 500000.00),
(79, 35, 'B11', '2026-01-25', '2026-01-27', 2, 1000000.00),
(80, 22, 'A12', '2026-01-01', '2026-01-02', 1, 300000.00),
(81, 48, 'B03', '2026-01-23', '2026-01-27', 4, 2000000.00),
(82, 37, 'A01', '2025-12-18', '2025-12-19', 1, 300000.00),
(83, 22, 'B01', '2025-12-26', '2025-12-30', 4, 2000000.00),
(84, 70, 'A22', '2025-12-10', '2025-12-14', 4, 1200000.00),
(85, 19, 'B12', '2025-12-11', '2025-12-13', 2, 1000000.00),
(86, 38, 'A28', '2025-12-19', '2025-12-23', 4, 1200000.00),
(87, 52, 'B08', '2025-12-27', '2025-12-29', 2, 1000000.00),
(88, 36, 'A02', '2025-12-10', '2025-12-12', 2, 600000.00),
(89, 46, 'A30', '2025-12-18', '2025-12-20', 2, 600000.00),
(90, 6, 'A01', '2025-12-01', '2025-12-05', 4, 1200000.00),
(91, 7, 'B02', '2025-12-25', '2025-12-26', 1, 500000.00),
(92, 29, 'A07', '2025-12-26', '2025-12-28', 2, 600000.00),
(93, 64, 'A21', '2025-12-18', '2025-12-20', 2, 600000.00),
(94, 29, 'C02', '2025-12-02', '2025-12-04', 2, 2000000.00),
(95, 25, 'A16', '2025-12-24', '2025-12-25', 1, 300000.00),
(96, 47, 'B11', '2025-12-26', '2025-12-30', 4, 2000000.00),
(97, 33, 'B08', '2025-12-07', '2025-12-10', 3, 1500000.00),
(98, 51, 'A05', '2025-12-06', '2025-12-07', 1, 300000.00),
(99, 55, 'A07', '2025-12-17', '2025-12-22', 5, 1500000.00),
(100, 42, 'C02', '2025-12-25', '2025-12-26', 1, 1000000.00),
(101, 9, 'B08', '2025-12-21', '2025-12-23', 2, 1000000.00),
(102, 23, 'C02', '2025-12-14', '2025-12-19', 5, 5000000.00),
(103, 11, 'A25', '2025-12-19', '2025-12-23', 4, 1200000.00),
(104, 4, 'A25', '2025-12-10', '2025-12-15', 5, 1500000.00),
(105, 24, 'C03', '2025-12-01', '2025-12-06', 5, 5000000.00),
(106, 27, 'A07', '2025-12-02', '2025-12-07', 5, 1500000.00),
(107, 68, 'A14', '2025-12-07', '2025-12-11', 4, 1200000.00),
(108, 6, 'A14', '2025-12-10', '2025-12-12', 2, 600000.00),
(109, 27, 'A27', '2025-12-19', '2025-12-20', 1, 300000.00),
(110, 34, 'B11', '2025-12-21', '2025-12-24', 3, 1500000.00),
(111, 36, 'B10', '2025-12-13', '2025-12-15', 2, 1000000.00),
(112, 58, 'B07', '2025-12-03', '2025-12-05', 2, 1000000.00),
(113, 72, 'A25', '2025-12-20', '2025-12-23', 3, 900000.00),
(114, 66, 'A26', '2025-12-28', '2026-01-01', 4, 1200000.00),
(115, 32, 'A15', '2025-12-24', '2025-12-29', 5, 1500000.00),
(116, 52, 'A04', '2025-12-27', '2025-12-30', 3, 900000.00),
(117, 72, 'B13', '2025-12-02', '2025-12-04', 2, 1000000.00),
(118, 9, 'B16', '2025-12-11', '2025-12-13', 2, 1000000.00),
(119, 46, 'A18', '2025-12-25', '2025-12-30', 5, 1500000.00),
(120, 57, 'B01', '2025-12-25', '2025-12-30', 5, 2500000.00),
(121, 4, 'A27', '2025-12-18', '2025-12-23', 5, 1500000.00),
(122, 20, 'A18', '2025-12-15', '2025-12-20', 5, 1500000.00),
(123, 19, 'A11', '2025-12-25', '2025-12-26', 1, 300000.00),
(124, 44, 'A29', '2025-12-03', '2025-12-04', 1, 300000.00),
(125, 50, 'A28', '2025-12-18', '2025-12-22', 4, 1200000.00),
(126, 62, 'A22', '2025-12-02', '2025-12-03', 1, 300000.00),
(127, 37, 'A08', '2025-12-05', '2025-12-07', 2, 600000.00),
(128, 31, 'C03', '2025-12-18', '2025-12-20', 2, 2000000.00),
(129, 12, 'A11', '2025-12-04', '2025-12-05', 1, 300000.00),
(130, 2, 'B01', '2025-12-01', '2025-12-03', 2, 1000000.00),
(131, 74, 'A01', '2025-12-01', '2025-12-06', 5, 1500000.00),
(132, 106, 'A02', '2025-11-18', '2025-11-21', 3, 900000.00),
(133, 45, 'A25', '2025-11-03', '2025-11-08', 5, 1500000.00),
(134, 105, 'A23', '2025-11-06', '2025-11-10', 4, 1200000.00),
(135, 42, 'A09', '2025-11-05', '2025-11-09', 4, 1200000.00),
(136, 4, 'A24', '2025-11-09', '2025-11-12', 3, 900000.00),
(137, 13, 'A04', '2025-11-22', '2025-11-24', 2, 600000.00),
(138, 59, 'A05', '2025-11-26', '2025-11-30', 4, 1200000.00),
(139, 67, 'A23', '2025-11-20', '2025-11-22', 2, 600000.00),
(140, 21, 'A04', '2025-11-20', '2025-11-21', 1, 300000.00),
(141, 79, 'A12', '2025-11-09', '2025-11-11', 2, 600000.00),
(142, 71, 'B04', '2025-11-18', '2025-11-20', 2, 1000000.00),
(143, 29, 'C04', '2025-11-07', '2025-11-08', 1, 1000000.00),
(144, 75, 'B10', '2025-11-21', '2025-11-22', 1, 500000.00),
(145, 85, 'B04', '2025-11-20', '2025-11-24', 4, 2000000.00),
(146, 47, 'A29', '2025-11-19', '2025-11-23', 4, 1200000.00),
(147, 76, 'A17', '2025-11-14', '2025-11-16', 2, 600000.00),
(148, 10, 'A01', '2025-11-21', '2025-11-25', 4, 1200000.00),
(149, 97, 'B06', '2025-11-14', '2025-11-15', 1, 500000.00),
(150, 25, 'B11', '2025-11-18', '2025-11-19', 1, 500000.00),
(151, 86, 'B12', '2025-11-02', '2025-11-06', 4, 2000000.00),
(152, 53, 'C02', '2025-11-14', '2025-11-16', 2, 2000000.00),
(153, 14, 'C02', '2025-11-24', '2025-11-27', 3, 3000000.00),
(154, 90, 'B11', '2025-11-03', '2025-11-08', 5, 2500000.00),
(155, 93, 'A22', '2025-11-18', '2025-11-23', 5, 1500000.00),
(156, 79, 'A19', '2025-11-11', '2025-11-14', 3, 900000.00),
(157, 56, 'B08', '2025-11-22', '2025-11-24', 2, 1000000.00),
(158, 56, 'A14', '2025-11-28', '2025-12-03', 5, 1500000.00),
(159, 16, 'A17', '2025-11-20', '2025-11-22', 2, 600000.00),
(160, 89, 'B02', '2025-11-09', '2025-11-14', 5, 2500000.00),
(161, 24, 'C03', '2025-11-10', '2025-11-11', 1, 1000000.00),
(162, 84, 'B07', '2025-11-13', '2025-11-17', 4, 2000000.00),
(163, 21, 'B12', '2025-11-02', '2025-11-03', 1, 500000.00),
(164, 23, 'B07', '2025-11-04', '2025-11-08', 4, 2000000.00),
(165, 19, 'C04', '2025-11-06', '2025-11-11', 5, 5000000.00),
(166, 90, 'A06', '2025-11-17', '2025-11-18', 1, 300000.00),
(167, 39, 'B05', '2025-11-22', '2025-11-27', 5, 2500000.00),
(168, 9, 'A11', '2025-11-09', '2025-11-10', 1, 300000.00),
(169, 36, 'A21', '2025-11-13', '2025-11-15', 2, 600000.00),
(170, 89, 'A13', '2025-11-10', '2025-11-12', 2, 600000.00),
(171, 57, 'A11', '2025-11-10', '2025-11-13', 3, 900000.00),
(172, 88, 'A04', '2025-11-12', '2025-11-16', 4, 1200000.00),
(173, 51, 'A25', '2025-11-18', '2025-11-20', 2, 600000.00),
(174, 63, 'A07', '2025-11-12', '2025-11-14', 2, 600000.00),
(175, 10, 'A09', '2025-11-18', '2025-11-23', 5, 1500000.00),
(176, 5, 'B11', '2025-11-09', '2025-11-13', 4, 2000000.00),
(177, 6, 'A15', '2025-11-18', '2025-11-21', 3, 900000.00),
(178, 106, 'A01', '2025-11-05', '2025-11-10', 5, 1500000.00),
(179, 98, 'A04', '2025-11-24', '2025-11-28', 4, 1200000.00),
(180, 25, 'B14', '2025-11-06', '2025-11-09', 3, 1500000.00),
(181, 62, 'B01', '2025-11-25', '2025-11-27', 2, 1000000.00),
(182, 29, 'B11', '2025-10-13', '2025-10-16', 3, 1500000.00),
(183, 87, 'B02', '2025-10-03', '2025-10-08', 5, 2500000.00),
(184, 56, 'A25', '2025-10-03', '2025-10-04', 1, 300000.00),
(185, 49, 'A21', '2025-10-14', '2025-10-16', 2, 600000.00),
(186, 7, 'B16', '2025-10-16', '2025-10-19', 3, 1500000.00),
(187, 37, 'B09', '2025-10-13', '2025-10-18', 5, 2500000.00),
(188, 43, 'A02', '2025-10-14', '2025-10-18', 4, 1200000.00),
(189, 125, 'B06', '2025-10-22', '2025-10-25', 3, 1500000.00),
(190, 32, 'B08', '2025-10-13', '2025-10-14', 1, 500000.00),
(191, 66, 'A01', '2025-10-13', '2025-10-17', 4, 1200000.00),
(192, 26, 'A04', '2025-10-11', '2025-10-14', 3, 900000.00),
(193, 18, 'B09', '2025-10-28', '2025-10-31', 3, 1500000.00),
(194, 131, 'A21', '2025-10-26', '2025-10-31', 5, 1500000.00),
(195, 74, 'A19', '2025-10-23', '2025-10-25', 2, 600000.00),
(196, 38, 'A25', '2025-10-15', '2025-10-17', 2, 600000.00),
(197, 127, 'A29', '2025-10-07', '2025-10-08', 1, 300000.00),
(198, 80, 'A11', '2025-10-07', '2025-10-09', 2, 600000.00),
(199, 72, 'B02', '2025-10-18', '2025-10-20', 2, 1000000.00),
(200, 41, 'A03', '2025-10-11', '2025-10-16', 5, 1500000.00),
(201, 67, 'A03', '2025-10-04', '2025-10-06', 2, 600000.00),
(202, 102, 'B09', '2025-10-24', '2025-10-27', 3, 1500000.00),
(203, 104, 'A06', '2025-10-12', '2025-10-17', 5, 1500000.00),
(204, 78, 'B12', '2025-10-10', '2025-10-12', 2, 1000000.00),
(205, 85, 'A17', '2025-10-12', '2025-10-13', 1, 300000.00),
(206, 20, 'A21', '2025-10-17', '2025-10-18', 1, 300000.00),
(207, 90, 'B12', '2025-10-18', '2025-10-19', 1, 500000.00),
(208, 128, 'A20', '2025-10-04', '2025-10-05', 1, 300000.00),
(209, 80, 'B07', '2025-10-03', '2025-10-04', 1, 500000.00),
(210, 74, 'A21', '2025-10-04', '2025-10-05', 1, 300000.00),
(211, 32, 'B01', '2025-10-09', '2025-10-11', 2, 1000000.00),
(212, 103, 'C01', '2025-10-04', '2025-10-09', 5, 5000000.00),
(213, 119, 'A03', '2025-10-12', '2025-10-14', 2, 600000.00),
(214, 115, 'A06', '2025-10-11', '2025-10-12', 1, 300000.00),
(215, 48, 'A25', '2025-10-26', '2025-10-29', 3, 900000.00),
(216, 84, 'A09', '2025-10-03', '2025-10-08', 5, 1500000.00),
(217, 107, 'A30', '2025-10-24', '2025-10-27', 3, 900000.00),
(218, 89, 'C01', '2025-10-21', '2025-10-22', 1, 1000000.00),
(219, 34, 'B04', '2025-10-13', '2025-10-14', 1, 500000.00),
(220, 64, 'A02', '2025-10-18', '2025-10-22', 4, 1200000.00),
(221, 94, 'B10', '2025-10-19', '2025-10-22', 3, 1500000.00),
(222, 64, 'A04', '2025-10-15', '2025-10-16', 1, 300000.00),
(223, 128, 'A20', '2025-10-28', '2025-10-31', 3, 900000.00),
(224, 85, 'A16', '2025-10-27', '2025-10-30', 3, 900000.00),
(225, 54, 'B09', '2025-10-11', '2025-10-12', 1, 500000.00),
(226, 24, 'B15', '2025-10-24', '2025-10-25', 1, 500000.00),
(227, 67, 'B16', '2025-10-28', '2025-10-30', 2, 1000000.00),
(228, 128, 'A24', '2025-10-15', '2025-10-18', 3, 900000.00),
(229, 118, 'B14', '2025-10-20', '2025-10-25', 5, 2500000.00),
(230, 64, 'A10', '2025-10-10', '2025-10-15', 5, 1500000.00),
(231, 34, 'A11', '2025-10-20', '2025-10-25', 5, 1500000.00),
(232, 94, 'C03', '2025-09-09', '2025-09-10', 1, 1000000.00),
(233, 116, 'C03', '2025-09-13', '2025-09-16', 3, 3000000.00),
(234, 82, 'A13', '2025-09-09', '2025-09-11', 2, 600000.00),
(235, 111, 'B02', '2025-09-02', '2025-09-06', 4, 2000000.00),
(236, 93, 'A30', '2025-09-06', '2025-09-10', 4, 1200000.00),
(237, 121, 'B16', '2025-09-16', '2025-09-17', 1, 500000.00),
(238, 157, 'A06', '2025-09-11', '2025-09-16', 5, 1500000.00),
(239, 73, 'A26', '2025-09-14', '2025-09-17', 3, 900000.00),
(240, 32, 'A16', '2025-09-25', '2025-09-30', 5, 1500000.00),
(241, 61, 'B13', '2025-09-16', '2025-09-19', 3, 1500000.00),
(242, 55, 'A08', '2025-09-02', '2025-09-05', 3, 900000.00),
(243, 149, 'A14', '2025-09-05', '2025-09-09', 4, 1200000.00),
(244, 69, 'A06', '2025-09-15', '2025-09-17', 2, 600000.00),
(245, 62, 'B04', '2025-09-20', '2025-09-23', 3, 1500000.00),
(246, 49, 'A01', '2025-09-27', '2025-09-29', 2, 600000.00),
(247, 136, 'A21', '2025-09-10', '2025-09-12', 2, 600000.00),
(248, 62, 'B13', '2025-09-24', '2025-09-27', 3, 1500000.00),
(249, 54, 'A24', '2025-09-03', '2025-09-07', 4, 1200000.00),
(250, 138, 'C02', '2025-09-08', '2025-09-13', 5, 5000000.00),
(251, 150, 'A12', '2025-09-23', '2025-09-26', 3, 900000.00),
(252, 75, 'B08', '2025-09-02', '2025-09-07', 5, 2500000.00),
(253, 113, 'A19', '2025-09-12', '2025-09-15', 3, 900000.00),
(254, 137, 'A10', '2025-09-18', '2025-09-19', 1, 300000.00),
(255, 71, 'A04', '2025-09-12', '2025-09-13', 1, 300000.00),
(256, 42, 'A20', '2025-09-12', '2025-09-13', 1, 300000.00),
(257, 154, 'B11', '2025-09-09', '2025-09-14', 5, 2500000.00),
(258, 21, 'A11', '2025-09-10', '2025-09-11', 1, 300000.00),
(259, 164, 'B13', '2025-09-20', '2025-09-25', 5, 2500000.00),
(260, 124, 'A30', '2025-09-20', '2025-09-23', 3, 900000.00),
(261, 62, 'A16', '2025-09-01', '2025-09-06', 5, 1500000.00),
(262, 110, 'A11', '2025-09-11', '2025-09-14', 3, 900000.00),
(263, 118, 'A13', '2025-09-27', '2025-09-29', 2, 600000.00),
(264, 125, 'B09', '2025-09-28', '2025-09-30', 2, 1000000.00),
(265, 88, 'A02', '2025-09-17', '2025-09-21', 4, 1200000.00),
(266, 129, 'B16', '2025-09-04', '2025-09-09', 5, 2500000.00),
(267, 140, 'B13', '2025-09-19', '2025-09-24', 5, 2500000.00),
(268, 68, 'B01', '2025-09-22', '2025-09-27', 5, 2500000.00),
(269, 151, 'B06', '2025-09-01', '2025-09-04', 3, 1500000.00),
(270, 116, 'A01', '2025-09-26', '2025-09-29', 3, 900000.00),
(271, 111, 'A22', '2025-09-09', '2025-09-12', 3, 900000.00),
(272, 146, 'A20', '2025-09-18', '2025-09-19', 1, 300000.00),
(273, 35, 'A23', '2025-09-24', '2025-09-25', 1, 300000.00),
(274, 73, 'C03', '2025-09-16', '2025-09-20', 4, 4000000.00),
(275, 117, 'A16', '2025-09-21', '2025-09-23', 2, 600000.00),
(276, 102, 'A20', '2025-09-28', '2025-10-03', 5, 1500000.00),
(277, 90, 'A16', '2025-09-25', '2025-09-28', 3, 900000.00),
(278, 1, 'B04', '2025-09-11', '2025-09-15', 4, 2000000.00),
(279, 92, 'B11', '2025-09-15', '2025-09-16', 1, 500000.00),
(280, 121, 'A06', '2025-09-05', '2025-09-08', 3, 900000.00),
(281, 157, 'A25', '2025-09-24', '2025-09-26', 2, 600000.00),
(282, 146, 'A17', '2025-08-01', '2025-08-04', 3, 900000.00),
(283, 51, 'A03', '2025-08-23', '2025-08-25', 2, 600000.00),
(284, 18, 'A07', '2025-08-25', '2025-08-28', 3, 900000.00),
(285, 81, 'A11', '2025-08-04', '2025-08-07', 3, 900000.00),
(286, 153, 'A05', '2025-08-03', '2025-08-06', 3, 900000.00),
(287, 90, 'A28', '2025-08-04', '2025-08-09', 5, 1500000.00),
(288, 67, 'B08', '2025-08-19', '2025-08-20', 1, 500000.00),
(289, 9, 'A12', '2025-08-18', '2025-08-21', 3, 900000.00),
(290, 80, 'B02', '2025-08-09', '2025-08-14', 5, 2500000.00),
(291, 192, 'B13', '2025-08-01', '2025-08-04', 3, 1500000.00),
(292, 130, 'A21', '2025-08-18', '2025-08-22', 4, 1200000.00),
(293, 87, 'C03', '2025-08-08', '2025-08-13', 5, 5000000.00),
(294, 67, 'C03', '2025-08-04', '2025-08-09', 5, 5000000.00),
(295, 84, 'A11', '2025-08-15', '2025-08-16', 1, 300000.00),
(296, 164, 'A24', '2025-08-01', '2025-08-02', 1, 300000.00),
(297, 83, 'B07', '2025-08-15', '2025-08-19', 4, 2000000.00),
(298, 147, 'C01', '2025-08-01', '2025-08-04', 3, 3000000.00),
(299, 51, 'A04', '2025-08-14', '2025-08-15', 1, 300000.00),
(300, 125, 'A13', '2025-08-23', '2025-08-25', 2, 600000.00),
(301, 55, 'C03', '2025-08-19', '2025-08-24', 5, 5000000.00),
(302, 154, 'A11', '2025-08-23', '2025-08-28', 5, 1500000.00),
(303, 143, 'A21', '2025-08-28', '2025-08-29', 1, 300000.00),
(304, 118, 'A29', '2025-08-24', '2025-08-29', 5, 1500000.00),
(305, 113, 'A21', '2025-08-19', '2025-08-22', 3, 900000.00),
(306, 24, 'A20', '2025-08-20', '2025-08-22', 2, 600000.00),
(307, 11, 'A21', '2025-08-01', '2025-08-06', 5, 1500000.00),
(308, 148, 'A28', '2025-08-06', '2025-08-08', 2, 600000.00),
(309, 166, 'B02', '2025-08-27', '2025-08-31', 4, 2000000.00),
(310, 158, 'B01', '2025-08-27', '2025-08-30', 3, 1500000.00),
(311, 174, 'B10', '2025-08-12', '2025-08-13', 1, 500000.00),
(312, 134, 'A20', '2025-08-15', '2025-08-16', 1, 300000.00),
(313, 34, 'A05', '2025-08-17', '2025-08-20', 3, 900000.00),
(314, 82, 'A27', '2025-08-24', '2025-08-28', 4, 1200000.00),
(315, 161, 'A08', '2025-08-20', '2025-08-23', 3, 900000.00),
(316, 173, 'A04', '2025-08-27', '2025-08-28', 1, 300000.00),
(317, 190, 'A19', '2025-08-02', '2025-08-03', 1, 300000.00),
(318, 196, 'A30', '2025-08-09', '2025-08-10', 1, 300000.00),
(319, 85, 'A25', '2025-08-07', '2025-08-12', 5, 1500000.00),
(320, 122, 'A20', '2025-08-25', '2025-08-30', 5, 1500000.00),
(321, 193, 'B12', '2025-08-07', '2025-08-08', 1, 500000.00),
(322, 72, 'B16', '2025-08-07', '2025-08-12', 5, 2500000.00),
(323, 107, 'A25', '2025-08-07', '2025-08-09', 2, 600000.00),
(324, 147, 'A28', '2025-08-27', '2025-08-30', 3, 900000.00),
(325, 203, 'A23', '2025-08-01', '2025-08-02', 1, 300000.00),
(326, 71, 'B05', '2025-08-17', '2025-08-18', 1, 500000.00),
(327, 118, 'A12', '2025-08-01', '2025-08-06', 5, 1500000.00),
(328, 23, 'A10', '2025-08-24', '2025-08-27', 3, 900000.00),
(329, 12, 'A09', '2025-08-05', '2025-08-06', 1, 300000.00),
(330, 155, 'A11', '2025-08-19', '2025-08-20', 1, 300000.00),
(331, 150, 'A12', '2025-08-26', '2025-08-27', 1, 300000.00),
(332, 154, 'A06', '2025-07-16', '2025-07-18', 2, 600000.00),
(333, 187, 'A04', '2025-07-01', '2025-07-06', 5, 1500000.00),
(334, 114, 'A17', '2025-07-12', '2025-07-16', 4, 1200000.00),
(335, 154, 'A24', '2025-07-01', '2025-07-04', 3, 900000.00),
(336, 125, 'B12', '2025-07-14', '2025-07-16', 2, 1000000.00),
(337, 38, 'B15', '2025-07-02', '2025-07-03', 1, 500000.00),
(338, 206, 'B10', '2025-07-23', '2025-07-27', 4, 2000000.00),
(339, 208, 'B08', '2025-07-20', '2025-07-21', 1, 500000.00),
(340, 128, 'C04', '2025-07-13', '2025-07-17', 4, 4000000.00),
(341, 192, 'A21', '2025-07-02', '2025-07-07', 5, 1500000.00),
(342, 146, 'B16', '2025-07-05', '2025-07-08', 3, 1500000.00),
(343, 14, 'A10', '2025-07-27', '2025-07-28', 1, 300000.00),
(344, 228, 'A29', '2025-07-22', '2025-07-23', 1, 300000.00),
(345, 148, 'A20', '2025-07-12', '2025-07-15', 3, 900000.00),
(346, 13, 'C01', '2025-07-21', '2025-07-26', 5, 5000000.00),
(347, 91, 'A04', '2025-07-10', '2025-07-13', 3, 900000.00),
(348, 75, 'A07', '2025-07-14', '2025-07-17', 3, 900000.00),
(349, 74, 'A15', '2025-07-09', '2025-07-10', 1, 300000.00),
(350, 26, 'B06', '2025-07-03', '2025-07-04', 1, 500000.00),
(351, 79, 'A26', '2025-07-18', '2025-07-19', 1, 300000.00),
(352, 170, 'B16', '2025-07-01', '2025-07-05', 4, 2000000.00),
(353, 204, 'B07', '2025-07-28', '2025-07-29', 1, 500000.00),
(354, 92, 'B01', '2025-07-17', '2025-07-20', 3, 1500000.00),
(355, 24, 'A20', '2025-07-14', '2025-07-19', 5, 1500000.00),
(356, 177, 'A07', '2025-07-03', '2025-07-05', 2, 600000.00),
(357, 61, 'A04', '2025-07-13', '2025-07-14', 1, 300000.00),
(358, 52, 'B11', '2025-07-14', '2025-07-17', 3, 1500000.00),
(359, 97, 'A30', '2025-07-23', '2025-07-28', 5, 1500000.00),
(360, 228, 'A06', '2025-07-15', '2025-07-16', 1, 300000.00),
(361, 119, 'A18', '2025-07-19', '2025-07-23', 4, 1200000.00),
(362, 176, 'B06', '2025-07-13', '2025-07-17', 4, 2000000.00),
(363, 152, 'A02', '2025-07-01', '2025-07-05', 4, 1200000.00),
(364, 208, 'C04', '2025-07-01', '2025-07-02', 1, 1000000.00),
(365, 103, 'B05', '2025-07-21', '2025-07-23', 2, 1000000.00),
(366, 176, 'A07', '2025-07-14', '2025-07-16', 2, 600000.00),
(367, 114, 'A09', '2025-07-17', '2025-07-18', 1, 300000.00),
(368, 6, 'A08', '2025-07-08', '2025-07-13', 5, 1500000.00),
(369, 67, 'A19', '2025-07-07', '2025-07-09', 2, 600000.00),
(370, 106, 'A18', '2025-07-27', '2025-07-30', 3, 900000.00),
(371, 181, 'A24', '2025-07-11', '2025-07-14', 3, 900000.00),
(372, 216, 'A22', '2025-07-28', '2025-07-29', 1, 300000.00),
(373, 24, 'B07', '2025-07-23', '2025-07-25', 2, 1000000.00),
(374, 124, 'B16', '2025-07-15', '2025-07-18', 3, 1500000.00),
(375, 32, 'A24', '2025-07-04', '2025-07-06', 2, 600000.00),
(376, 142, 'A24', '2025-07-21', '2025-07-25', 4, 1200000.00),
(377, 179, 'A10', '2025-07-03', '2025-07-07', 4, 1200000.00),
(378, 224, 'A01', '2025-07-26', '2025-07-27', 1, 300000.00),
(379, 188, 'B04', '2025-07-06', '2025-07-10', 4, 2000000.00),
(380, 92, 'A02', '2025-07-12', '2025-07-16', 4, 1200000.00),
(381, 211, 'B09', '2025-07-26', '2025-07-30', 4, 2000000.00),
(382, 251, 'A26', '2025-06-20', '2025-06-22', 2, 600000.00),
(383, 42, 'B12', '2025-06-21', '2025-06-24', 3, 1500000.00),
(384, 7, 'B08', '2025-06-25', '2025-06-29', 4, 2000000.00),
(385, 259, 'B05', '2025-06-13', '2025-06-16', 3, 1500000.00),
(386, 234, 'A03', '2025-06-19', '2025-06-21', 2, 600000.00),
(387, 125, 'A04', '2025-06-18', '2025-06-20', 2, 600000.00),
(388, 256, 'A13', '2025-06-23', '2025-06-24', 1, 300000.00),
(389, 247, 'C02', '2025-06-27', '2025-06-28', 1, 1000000.00),
(390, 247, 'A04', '2025-06-11', '2025-06-15', 4, 1200000.00),
(391, 62, 'A13', '2025-06-08', '2025-06-10', 2, 600000.00),
(392, 171, 'B03', '2025-06-01', '2025-06-02', 1, 500000.00),
(393, 207, 'A24', '2025-06-18', '2025-06-22', 4, 1200000.00),
(394, 30, 'A23', '2025-06-20', '2025-06-23', 3, 900000.00),
(395, 73, 'A15', '2025-06-05', '2025-06-08', 3, 900000.00),
(396, 72, 'A07', '2025-06-25', '2025-06-30', 5, 1500000.00),
(397, 44, 'B13', '2025-06-14', '2025-06-15', 1, 500000.00),
(398, 248, 'A17', '2025-06-21', '2025-06-22', 1, 300000.00),
(399, 132, 'A10', '2025-06-16', '2025-06-20', 4, 1200000.00),
(400, 202, 'B05', '2025-06-05', '2025-06-10', 5, 2500000.00),
(401, 194, 'A18', '2025-06-09', '2025-06-14', 5, 1500000.00),
(402, 164, 'B13', '2025-06-18', '2025-06-22', 4, 2000000.00),
(403, 105, 'A17', '2025-06-09', '2025-06-12', 3, 900000.00),
(404, 209, 'A07', '2025-06-18', '2025-06-19', 1, 300000.00),
(405, 92, 'B03', '2025-06-14', '2025-06-16', 2, 1000000.00),
(406, 109, 'B13', '2025-06-08', '2025-06-13', 5, 2500000.00),
(407, 59, 'A16', '2025-06-05', '2025-06-07', 2, 600000.00),
(408, 104, 'B16', '2025-06-14', '2025-06-17', 3, 1500000.00),
(409, 141, 'A17', '2025-06-12', '2025-06-14', 2, 600000.00),
(410, 95, 'A14', '2025-06-13', '2025-06-15', 2, 600000.00),
(411, 18, 'A15', '2025-06-08', '2025-06-13', 5, 1500000.00),
(412, 84, 'A10', '2025-06-16', '2025-06-21', 5, 1500000.00),
(413, 251, 'C03', '2025-06-15', '2025-06-16', 1, 1000000.00),
(414, 149, 'B08', '2025-06-13', '2025-06-16', 3, 1500000.00),
(415, 109, 'C02', '2025-06-25', '2025-06-28', 3, 3000000.00),
(416, 213, 'A04', '2025-06-15', '2025-06-17', 2, 600000.00),
(417, 243, 'B16', '2025-06-25', '2025-06-29', 4, 2000000.00),
(418, 171, 'A24', '2025-06-01', '2025-06-06', 5, 1500000.00),
(419, 95, 'A12', '2025-06-17', '2025-06-20', 3, 900000.00),
(420, 70, 'A26', '2025-06-11', '2025-06-16', 5, 1500000.00),
(421, 110, 'B09', '2025-06-22', '2025-06-26', 4, 2000000.00),
(422, 139, 'A12', '2025-06-25', '2025-06-30', 5, 1500000.00),
(423, 128, 'B16', '2025-06-12', '2025-06-13', 1, 500000.00),
(424, 210, 'A09', '2025-06-03', '2025-06-08', 5, 1500000.00),
(425, 101, 'A17', '2025-06-02', '2025-06-03', 1, 300000.00),
(426, 79, 'B11', '2025-06-01', '2025-06-05', 4, 2000000.00),
(427, 41, 'A20', '2025-06-12', '2025-06-16', 4, 1200000.00),
(428, 104, 'A20', '2025-06-22', '2025-06-24', 2, 600000.00),
(429, 227, 'A18', '2025-06-16', '2025-06-21', 5, 1500000.00),
(430, 263, 'A04', '2025-06-19', '2025-06-23', 4, 1200000.00),
(431, 62, 'B15', '2025-06-25', '2025-06-26', 1, 500000.00),
(432, 45, 'A07', '2025-05-07', '2025-05-10', 3, 900000.00),
(433, 40, 'B13', '2025-05-02', '2025-05-04', 2, 1000000.00),
(434, 180, 'A30', '2025-05-26', '2025-05-30', 4, 1200000.00),
(435, 44, 'A25', '2025-05-16', '2025-05-19', 3, 900000.00),
(436, 133, 'A07', '2025-05-14', '2025-05-17', 3, 900000.00),
(437, 62, 'A10', '2025-05-12', '2025-05-15', 3, 900000.00),
(438, 92, 'A25', '2025-05-23', '2025-05-28', 5, 1500000.00),
(439, 186, 'A25', '2025-05-21', '2025-05-25', 4, 1200000.00),
(440, 38, 'A29', '2025-05-07', '2025-05-09', 2, 600000.00),
(441, 84, 'B06', '2025-05-06', '2025-05-08', 2, 1000000.00),
(442, 194, 'A29', '2025-05-06', '2025-05-09', 3, 900000.00),
(443, 259, 'A28', '2025-05-02', '2025-05-05', 3, 900000.00),
(444, 39, 'A26', '2025-05-09', '2025-05-12', 3, 900000.00),
(445, 255, 'A16', '2025-05-25', '2025-05-27', 2, 600000.00),
(446, 218, 'A30', '2025-05-10', '2025-05-14', 4, 1200000.00),
(447, 173, 'A04', '2025-05-23', '2025-05-27', 4, 1200000.00),
(448, 217, 'A28', '2025-05-28', '2025-06-02', 5, 1500000.00),
(449, 93, 'B06', '2025-05-08', '2025-05-13', 5, 2500000.00),
(450, 12, 'A26', '2025-05-15', '2025-05-18', 3, 900000.00),
(451, 10, 'A10', '2025-05-14', '2025-05-19', 5, 1500000.00),
(452, 190, 'A15', '2025-05-09', '2025-05-12', 3, 900000.00),
(453, 81, 'B13', '2025-05-04', '2025-05-06', 2, 1000000.00),
(454, 205, 'A02', '2025-05-28', '2025-06-02', 5, 1500000.00),
(455, 214, 'C01', '2025-05-16', '2025-05-17', 1, 1000000.00),
(456, 250, 'B05', '2025-05-17', '2025-05-22', 5, 2500000.00),
(457, 161, 'A24', '2025-05-19', '2025-05-20', 1, 300000.00),
(458, 245, 'C03', '2025-05-09', '2025-05-13', 4, 4000000.00),
(459, 201, 'A10', '2025-05-12', '2025-05-13', 1, 300000.00),
(460, 274, 'B03', '2025-05-01', '2025-05-06', 5, 2500000.00),
(461, 158, 'B10', '2025-05-27', '2025-06-01', 5, 2500000.00),
(462, 291, 'A26', '2025-05-10', '2025-05-12', 2, 600000.00),
(463, 103, 'A27', '2025-05-06', '2025-05-08', 2, 600000.00),
(464, 122, 'B07', '2025-05-13', '2025-05-15', 2, 1000000.00),
(465, 116, 'A25', '2025-05-07', '2025-05-08', 1, 300000.00),
(466, 83, 'A02', '2025-05-11', '2025-05-14', 3, 900000.00),
(467, 61, 'B11', '2025-05-20', '2025-05-22', 2, 1000000.00),
(468, 168, 'A17', '2025-05-15', '2025-05-16', 1, 300000.00),
(469, 40, 'A22', '2025-05-11', '2025-05-14', 3, 900000.00),
(470, 172, 'A13', '2025-05-02', '2025-05-04', 2, 600000.00),
(471, 259, 'A18', '2025-05-28', '2025-06-02', 5, 1500000.00),
(472, 120, 'B09', '2025-05-16', '2025-05-17', 1, 500000.00),
(473, 45, 'A01', '2025-05-10', '2025-05-12', 2, 600000.00),
(474, 221, 'A07', '2025-05-21', '2025-05-22', 1, 300000.00),
(475, 42, 'B05', '2025-05-08', '2025-05-09', 1, 500000.00),
(476, 49, 'A11', '2025-05-27', '2025-05-31', 4, 1200000.00),
(477, 239, 'A10', '2025-05-15', '2025-05-16', 1, 300000.00),
(478, 238, 'A09', '2025-05-02', '2025-05-05', 3, 900000.00),
(479, 34, 'B05', '2025-05-26', '2025-05-31', 5, 2500000.00),
(480, 191, 'A25', '2025-05-11', '2025-05-13', 2, 600000.00),
(481, 152, 'A14', '2025-05-13', '2025-05-17', 4, 1200000.00),
(482, 102, 'A20', '2025-04-27', '2025-05-02', 5, 1500000.00),
(483, 256, 'A06', '2025-04-17', '2025-04-21', 4, 1200000.00),
(484, 320, 'B07', '2025-04-06', '2025-04-07', 1, 500000.00),
(485, 200, 'B04', '2025-04-10', '2025-04-11', 1, 500000.00),
(486, 22, 'A13', '2025-04-18', '2025-04-21', 3, 900000.00),
(487, 235, 'A23', '2025-04-22', '2025-04-24', 2, 600000.00),
(488, 81, 'B02', '2025-04-10', '2025-04-12', 2, 1000000.00),
(489, 84, 'A12', '2025-04-12', '2025-04-16', 4, 1200000.00),
(490, 88, 'A04', '2025-04-26', '2025-04-27', 1, 300000.00),
(491, 5, 'A29', '2025-04-23', '2025-04-24', 1, 300000.00),
(492, 11, 'B05', '2025-04-27', '2025-04-30', 3, 1500000.00),
(493, 175, 'A08', '2025-04-14', '2025-04-15', 1, 300000.00),
(494, 255, 'A04', '2025-04-18', '2025-04-21', 3, 900000.00),
(495, 321, 'C04', '2025-04-02', '2025-04-07', 5, 5000000.00),
(496, 239, 'B06', '2025-04-18', '2025-04-20', 2, 1000000.00),
(497, 260, 'B05', '2025-04-15', '2025-04-18', 3, 1500000.00),
(498, 310, 'A02', '2025-04-12', '2025-04-16', 4, 1200000.00),
(499, 237, 'A03', '2025-04-28', '2025-04-29', 1, 300000.00),
(500, 117, 'C04', '2025-04-13', '2025-04-15', 2, 2000000.00),
(501, 124, 'A06', '2025-04-09', '2025-04-12', 3, 900000.00),
(502, 304, 'A16', '2025-04-06', '2025-04-08', 2, 600000.00),
(503, 265, 'B04', '2025-04-08', '2025-04-13', 5, 2500000.00),
(504, 294, 'A09', '2025-04-14', '2025-04-18', 4, 1200000.00),
(505, 17, 'B12', '2025-04-24', '2025-04-27', 3, 1500000.00),
(506, 220, 'A13', '2025-04-21', '2025-04-22', 1, 300000.00),
(507, 124, 'B07', '2025-04-25', '2025-04-30', 5, 2500000.00),
(508, 266, 'A18', '2025-04-05', '2025-04-08', 3, 900000.00),
(509, 256, 'A01', '2025-04-18', '2025-04-19', 1, 300000.00),
(510, 308, 'B09', '2025-04-21', '2025-04-24', 3, 1500000.00),
(511, 25, 'A05', '2025-04-22', '2025-04-26', 4, 1200000.00),
(512, 39, 'A05', '2025-04-06', '2025-04-11', 5, 1500000.00),
(513, 53, 'B01', '2025-04-23', '2025-04-24', 1, 500000.00),
(514, 265, 'B01', '2025-04-05', '2025-04-06', 1, 500000.00),
(515, 116, 'B08', '2025-04-12', '2025-04-14', 2, 1000000.00),
(516, 134, 'B12', '2025-04-23', '2025-04-24', 1, 500000.00),
(517, 29, 'A29', '2025-04-08', '2025-04-11', 3, 900000.00),
(518, 47, 'C04', '2025-04-25', '2025-04-28', 3, 3000000.00),
(519, 251, 'A08', '2025-04-15', '2025-04-18', 3, 900000.00),
(520, 180, 'B09', '2025-04-16', '2025-04-21', 5, 2500000.00),
(521, 42, 'B04', '2025-04-05', '2025-04-06', 1, 500000.00),
(522, 151, 'A30', '2025-04-03', '2025-04-06', 3, 900000.00),
(523, 311, 'A27', '2025-04-16', '2025-04-17', 1, 300000.00),
(524, 282, 'A23', '2025-04-25', '2025-04-28', 3, 900000.00),
(525, 3, 'B01', '2025-04-05', '2025-04-10', 5, 2500000.00),
(526, 159, 'A05', '2025-04-28', '2025-05-01', 3, 900000.00),
(527, 122, 'A24', '2025-04-18', '2025-04-21', 3, 900000.00),
(528, 28, 'B04', '2025-04-15', '2025-04-17', 2, 1000000.00),
(529, 198, 'A30', '2025-04-17', '2025-04-18', 1, 300000.00),
(530, 43, 'B02', '2025-04-20', '2025-04-24', 4, 2000000.00),
(531, 13, 'A17', '2025-04-20', '2025-04-21', 1, 300000.00),
(532, 328, 'B10', '2026-01-17', '2026-01-19', 2, 1100000.00);

-- --------------------------------------------------------

--
-- Table structure for table `penyewa`
--

CREATE TABLE `penyewa` (
  `id_cust` int(11) NOT NULL,
  `nama` varchar(100) NOT NULL,
  `alamat` text DEFAULT NULL,
  `no_telp` varchar(20) DEFAULT NULL,
  `no_identitas` varchar(50) NOT NULL,
  `jenis_identitas` varchar(20) NOT NULL
) ENGINE=InnoDB DEFAULT CHARSET=utf8mb4 COLLATE=utf8mb4_general_ci;

--
-- Dumping data for table `penyewa`
--

INSERT INTO `penyewa` (`id_cust`, `nama`, `alamat`, `no_telp`, `no_identitas`, `jenis_identitas`) VALUES
(1, 'Budi Santoso', 'Jl. Sudirman No. 123, Jakarta Pusat', '081234567890', '3171234567890001', 'KTP'),
(2, 'Siti Rahayu', 'Jl. Gatot Subroto No. 45, Jakarta Selatan', '082345678901', '3172345678901002', 'KTP'),
(3, 'Ahmad Hidayat I', 'Jl. Thamrin No. 88, Jakarta Pusat', '083456789012', '3173456789012003', 'SIM'),
(4, 'Dewi Lestari', 'Jl. Merdeka No. 56, Bandung', '084567890123', '3274567890123004', 'KTP'),
(5, 'Eko Prasetyo', 'Jl. Diponegoro No. 78, Surabaya', '085678901234', '3575678901234005', 'KTP'),
(6, 'Fitri Handayani', 'Jl. Ahmad Yani No. 90, Semarang', '086789012345', '3376789012345006', 'KTP'),
(7, 'Gunawan Wibowo', 'Jl. Pahlawan No. 12, Yogyakarta', '087890123456', '3477890123456007', 'KTP'),
(8, 'Hesti Kurniawati', 'Jl. Malioboro No. 34, Yogyakarta', '088901234567', '3478901234567008', 'KTP'),
(9, 'Irfan Hakim', 'Jl. Asia Afrika No. 56, Bandung', '089012345678', '3279012345678009', 'KTP'),
(10, 'Juwita Permata', 'Jl. Braga No. 78, Bandung', '081123456789', '3270123456789010', 'KTP'),
(11, 'Kurnia Wijaya', 'Jl. Pemuda No. 90, Surabaya', '082234567890', '3571234567890011', 'KTP'),
(12, 'Lina Marlina', 'Jl. Darmo No. 12, Surabaya', '083345678901', '3572345678901012', 'KTP'),
(13, 'Muhammad Rizki', 'Jl. Imam Bonjol No. 34, Medan', '084456789012', '1273456789012013', 'KTP'),
(14, 'Nina Septiani', 'Jl. Gatot Subroto No. 56, Medan', '085567890123', '1274567890123014', 'KTP'),
(15, 'Oscar Tanujaya', 'Jl. Hayam Wuruk No. 78, Jakarta Barat', '086678901234', '3175678901234015', 'KTP'),
(16, 'Putri Maharani', 'Jl. Raya Bogor No. 90, Jakarta Timur', '087789012345', '3176789012345016', 'KTP'),
(17, 'Qori Ramadhan', 'Jl. Rasuna Said No. 12, Jakarta Selatan', '088890123456', '3177890123456017', 'KTP'),
(18, 'Ratna Sari', 'Jl. HR Rasuna Said No. 34, Jakarta Selatan', '089901234567', '3178901234567018', 'KTP'),
(19, 'Surya Atmaja', 'Jl. Kuningan No. 56, Jakarta Selatan', '081012345678', '3179012345678019', 'SIM'),
(20, 'Tania Wijaya', 'Jl. Senopati No. 78, Jakarta Selatan', '082123456789', '3170123456789020', 'SIM'),
(21, 'Aldi Minaj', 'Jalan Tunjang raksasa No. 1', '089652898711', '1232799687709004', 'KTP'),
(22, 'Indah Dani', 'Jl. Citra No. 99, Surabaya', '081695270939', '8145324479127074', 'KTP'),
(23, 'Taufik Tini', 'Jl. Wahyu No. 28, Semarang', '084233440112', '2080997808870373', 'KTP'),
(24, 'Hendra Dewi', 'Jl. Tini No. 12, Yogyakarta', '087844766913', '2041822897365901', 'KTP'),
(25, 'Heni Rizal', 'Jl. Cipto No. 75, Makassar', '088671889246', '9732260221467906', 'KTP'),
(26, 'Hendra Bella', 'Jl. Candra No. 19, Palembang', '081741975298', '8057822746711426', 'SIM'),
(27, 'Erwin Eko', 'Jl. Nanda No. 20, Bandung', '083319021005', '7677703116560874', 'KTP'),
(28, 'Rina Rani', 'Jl. Kurniawan No. 92, Palembang', '084616650413', '3095801051581204', 'KTP'),
(29, 'Hari Gilang', 'Jl. Putra No. 75, Surabaya', '086922024047', '2806101113091169', 'KTP'),
(30, 'Heni Maya', 'Jl. Ayu No. 45, Medan', '086139378754', '2118475112208312', 'SIM'),
(31, 'Maulana Guntur', 'Jl. Cipto No. 49, Jakarta', '084412913112', '4667533641025088', 'KTP'),
(32, 'Wahyu Taufik', 'Jl. Gita No. 14, Palembang', '085193169848', '9721361046371435', 'KTP'),
(33, 'Oki Eko', 'Jl. Guntur No. 86, Yogyakarta', '083811740924', '6683973820072377', 'SIM'),
(34, 'Maya Bambang', 'Jl. Bambang No. 3, Yogyakarta', '088074011930', '9113437395006500', 'SIM'),
(35, 'Maulana Dewi', 'Jl. Eko No. 27, Bali', '084118742747', '7815891040438848', 'SIM'),
(36, 'Dewi Gita', 'Jl. Gita No. 75, Makassar', '085745968755', '5324366333449980', 'SIM'),
(37, 'Indah Juli', 'Jl. Dedi No. 97, Jakarta', '081500471776', '1987858345761003', 'KTP'),
(38, 'Imam Hendra', 'Jl. Lukman No. 83, Jakarta', '086972046934', '2657488831076837', 'SIM'),
(39, 'Maulana Joko', 'Jl. Putra No. 83, Surabaya', '087821883883', '6299840941734350', 'KTP'),
(40, 'Eko Imam', 'Jl. Kurniawan No. 74, Surabaya', '085455580426', '9388018493532719', 'SIM'),
(41, 'Diana Eko', 'Jl. Dewi No. 96, Bandung', '085162133757', '5871924907762263', 'KTP'),
(42, 'Ferry Erwin', 'Jl. Diana No. 19, Bandung', '086666081919', '8032342557147019', 'SIM'),
(43, 'Eko Dani', 'Jl. Budi No. 19, Semarang', '089869684726', '2403343373416217', 'SIM'),
(44, 'Erwin Heni', 'Jl. Wulan No. 96, Palembang', '084034657164', '6949063021449605', 'SIM'),
(45, 'Imam Hari', 'Jl. Gita No. 94, Makassar', '087137748503', '5724616357254217', 'KTP'),
(46, 'Gita Sari', 'Jl. Dewi No. 31, Jakarta', '087893591597', '2845353964617329', 'KTP'),
(47, 'Siti Candra', 'Jl. Indra No. 70, Palembang', '087519984795', '4786607441270575', 'SIM'),
(48, 'Tini Indra', 'Jl. Diana No. 80, Jakarta', '084082181259', '1937806635356080', 'SIM'),
(49, 'Wahyu Bambang', 'Jl. Erwin No. 78, Bandung', '089813533742', '5904790734533348', 'KTP'),
(50, 'Diana Agus', 'Jl. Nanda No. 16, Surabaya', '088119208859', '1245644946183028', 'SIM'),
(51, 'Maulana Erwin', 'Jl. Fitri No. 98, Makassar', '084702118225', '8487624483937844', 'SIM'),
(52, 'Eko Dani', 'Jl. Erwin No. 57, Surabaya', '087769893066', '7165946022486608', 'SIM'),
(53, 'Budi Diana', 'Jl. Putri No. 64, Makassar', '084282409989', '6511404758926306', 'SIM'),
(54, 'Agus Joko', 'Jl. Ayu No. 62, Semarang', '086503732122', '6573973636837073', 'SIM'),
(55, 'Ferry Oki', 'Jl. Dani No. 64, Bandung', '083981983609', '8538346483710600', 'KTP'),
(56, 'Putri Lukman', 'Jl. Dedi No. 27, Bandung', '087005291056', '2252275452191397', 'KTP'),
(57, 'Siti Putri', 'Jl. Taufik No. 53, Bandung', '082526887229', '2492642065565992', 'KTP'),
(58, 'Bambang Cipto', 'Jl. Wulan No. 16, Jakarta', '087320488950', '4646156534368208', 'SIM'),
(59, 'Rani Indra', 'Jl. Diana No. 97, Yogyakarta', '083000289836', '6144185499822330', 'SIM'),
(60, 'Rani Hendra', 'Jl. Joko No. 31, Palembang', '085690280793', '6568866991393934', 'SIM'),
(61, 'Rani Putra', 'Jl. Gilang No. 76, Bandung', '088075651426', '5710189915856402', 'SIM'),
(62, 'Maya Maulana', 'Jl. Juli No. 37, Jakarta', '082240880222', '5434675695983425', 'SIM'),
(63, 'Maya Wulan', 'Jl. Hendra No. 70, Palembang', '083452236115', '8089463548006023', 'SIM'),
(64, 'Ayu Putra', 'Jl. Hendra No. 34, Surabaya', '089143021519', '3876468551707896', 'SIM'),
(65, 'Eko Elsa', 'Jl. Dedi No. 55, Semarang', '084022050236', '1324556425717247', 'SIM'),
(66, 'Siti Heni', 'Jl. Hendra No. 67, Jakarta', '084223389108', '9417016751934544', 'KTP'),
(67, 'Indah Sari', 'Jl. Fitri No. 77, Surabaya', '088734109167', '7687137517484355', 'SIM'),
(68, 'Erwin Fajar', 'Jl. Ayu No. 10, Jakarta', '088088324371', '9997880961290299', 'SIM'),
(69, 'Kurniawan Citra', 'Jl. Taufik No. 47, Semarang', '086826570705', '5875137830354495', 'SIM'),
(70, 'Putri Eko', 'Jl. Lukman No. 47, Bandung', '085310229420', '9203110742339136', 'SIM'),
(71, 'Ferry Imam', 'Jl. Nanda No. 38, Surabaya', '087663024939', '5534440471561969', 'KTP'),
(72, 'Jamal Nanda', 'Jl. Maulana No. 86, Jakarta', '087725566200', '3110356321061351', 'SIM'),
(73, 'Sari Nanda', 'Jl. Taufik No. 9, Surabaya', '089464777599', '4296480822493203', 'KTP'),
(74, 'Putra Cipto', 'Jl. Wahyu No. 24, Palembang', '082690319322', '2657270665315502', 'KTP'),
(75, 'Imam Taufik', 'Jl. Wulan No. 50, Bali', '083031954953', '8881190931888708', 'SIM'),
(76, 'Dedi Elsa', 'Jl. Rina No. 52, Bandung', '083377929631', '7444147401911589', 'SIM'),
(77, 'Nanda Putra', 'Jl. Fajar No. 93, Semarang', '086048091727', '9523026961938229', 'KTP'),
(78, 'Wulan Kurniawan', 'Jl. Kurniawan No. 23, Bali', '089581293191', '3361646956890631', 'SIM'),
(79, 'Oki Sari', 'Jl. Eko No. 5, Bali', '083317857482', '3516292398454537', 'KTP'),
(80, 'Bambang Bambang', 'Jl. Citra No. 50, Makassar', '086127104328', '1989511363336703', 'SIM'),
(81, 'Dedi Candra', 'Jl. Oki No. 2, Jakarta', '083223940428', '6477782787405900', 'SIM'),
(82, 'Joko Elsa', 'Jl. Indra No. 12, Bali', '082507570268', '7561334630635988', 'SIM'),
(83, 'Eko Putra', 'Jl. Maya No. 48, Semarang', '089123135403', '5363448155566769', 'SIM'),
(84, 'Agus Budi', 'Jl. Maya No. 21, Semarang', '089615181025', '8673147164629833', 'SIM'),
(85, 'Rizal Putri', 'Jl. Erwin No. 96, Medan', '081559551781', '8592728427937204', 'KTP'),
(86, 'Juli Jamal', 'Jl. Rani No. 30, Jakarta', '085274641486', '6664832599123613', 'SIM'),
(87, 'Hendra Oki', 'Jl. Sari No. 34, Medan', '084159490539', '2888784879334870', 'SIM'),
(88, 'Maya Citra', 'Jl. Fajar No. 45, Yogyakarta', '087785544908', '2058789089420438', 'SIM'),
(89, 'Lina Eko', 'Jl. Indah No. 25, Palembang', '082858094999', '4488167912683712', 'SIM'),
(90, 'Fitri Erwin', 'Jl. Wulan No. 27, Yogyakarta', '089843375944', '3591379024115960', 'KTP'),
(91, 'Ferry Putra', 'Jl. Nanda No. 54, Palembang', '082587684408', '7386788193754012', 'KTP'),
(92, 'Sandi Rina', 'Jl. Fitri No. 71, Bandung', '087806648701', '9051530223060429', 'KTP'),
(93, 'Lukman Rina', 'Jl. Rizal No. 25, Surabaya', '083827314219', '7063340820804856', 'KTP'),
(94, 'Dedi Dedi', 'Jl. Elsa No. 86, Yogyakarta', '088362771651', '3212739749779712', 'KTP'),
(95, 'Maya Kurniawan', 'Jl. Gita No. 45, Yogyakarta', '088997175480', '4002398149308944', 'KTP'),
(96, 'Joko Putra', 'Jl. Lina No. 9, Surabaya', '087431521993', '3832490362304983', 'SIM'),
(97, 'Agus Sari', 'Jl. Candra No. 25, Palembang', '081286585882', '1569860214357419', 'SIM'),
(98, 'Lina Ayu', 'Jl. Indra No. 13, Makassar', '088187280872', '2628973256480682', 'KTP'),
(99, 'Nanda Putri', 'Jl. Citra No. 52, Yogyakarta', '088286481394', '5393068991878000', 'KTP'),
(100, 'Jamal Hendra', 'Jl. Diana No. 52, Bali', '082385783488', '8520597337313688', 'KTP'),
(101, 'Maya Budi', 'Jl. Adi No. 34, Bali', '089847157814', '9996261646655152', 'KTP'),
(102, 'Maulana Taufik', 'Jl. Wahyu No. 100, Surabaya', '081439346326', '8224940312610824', 'KTP'),
(103, 'Tini Tini', 'Jl. Maulana No. 100, Medan', '083196276467', '1375207862242414', 'SIM'),
(104, 'Maya Rani', 'Jl. Diana No. 69, Surabaya', '086569693629', '1558735063069331', 'SIM'),
(105, 'Dedi Nanda', 'Jl. Lina No. 57, Semarang', '089424404963', '9450523865562767', 'SIM'),
(106, 'Taufik Oki', 'Jl. Oki No. 21, Jakarta', '088740613684', '6768388778015496', 'SIM'),
(107, 'Juli Budi', 'Jl. Erwin No. 96, Jakarta', '089581511103', '3620089477501829', 'KTP'),
(108, 'Eko Indra', 'Jl. Ferry No. 84, Surabaya', '082492662969', '3730727531026376', 'KTP'),
(109, 'Indra Ayu', 'Jl. Bambang No. 98, Jakarta', '085301566990', '2808627175380584', 'KTP'),
(110, 'Gita Tini', 'Jl. Hari No. 75, Bali', '087488746798', '4741493229373682', 'KTP'),
(111, 'Imam Budi', 'Jl. Wulan No. 51, Bandung', '084768456594', '5005483047837014', 'KTP'),
(112, 'Bella Erwin', 'Jl. Indah No. 43, Bandung', '082427833352', '7187922151749766', 'KTP'),
(113, 'Heni Joko', 'Jl. Citra No. 91, Bali', '087795188678', '8971857112022366', 'KTP'),
(114, 'Juli Citra', 'Jl. Putra No. 39, Yogyakarta', '082620928424', '6263430707335246', 'SIM'),
(115, 'Dewi Kurniawan', 'Jl. Indra No. 95, Bandung', '087095529701', '5166508475558410', 'SIM'),
(116, 'Citra Nanda', 'Jl. Joko No. 93, Bandung', '089181176369', '9814528884115046', 'KTP'),
(117, 'Cipto Heni', 'Jl. Rani No. 37, Semarang', '083157504751', '5585028329342892', 'KTP'),
(118, 'Gita Bella', 'Jl. Gilang No. 50, Bandung', '082303099593', '3939750982431157', 'SIM'),
(119, 'Erwin Putri', 'Jl. Bella No. 88, Medan', '089091741037', '2838053658618911', 'SIM'),
(120, 'Nanda Indah', 'Jl. Rani No. 27, Yogyakarta', '086360397437', '9068086135846914', 'KTP'),
(121, 'Agus Indra', 'Jl. Hari No. 56, Semarang', '087727979324', '3739871854438085', 'SIM'),
(122, 'Candra Putra', 'Jl. Eko No. 76, Jakarta', '086309480773', '4222745909353244', 'SIM'),
(123, 'Wulan Hendra', 'Jl. Sari No. 76, Surabaya', '087397362065', '6959050436695113', 'SIM'),
(124, 'Siti Dedi', 'Jl. Ayu No. 97, Yogyakarta', '084978755184', '4390716889824635', 'SIM'),
(125, 'Erwin Heni', 'Jl. Hendra No. 88, Medan', '083616979101', '3930493343850848', 'KTP'),
(126, 'Citra Erwin', 'Jl. Hari No. 82, Medan', '089806671606', '7761504682258126', 'SIM'),
(127, 'Indah Fajar', 'Jl. Ferry No. 77, Palembang', '087926074462', '9604490559478594', 'KTP'),
(128, 'Maulana Candra', 'Jl. Sandi No. 19, Jakarta', '085474299759', '3465418992292920', 'KTP'),
(129, 'Rizal Candra', 'Jl. Bella No. 3, Makassar', '084643316094', '4862694439373435', 'SIM'),
(130, 'Putri Fajar', 'Jl. Guntur No. 26, Medan', '082917646889', '5845277607704547', 'KTP'),
(131, 'Putra Adi', 'Jl. Joko No. 69, Surabaya', '082791169463', '7036626878321418', 'SIM'),
(132, 'Indah Oki', 'Jl. Indah No. 22, Semarang', '084119451041', '9701016047781647', 'KTP'),
(133, 'Gita Maulana', 'Jl. Oki No. 95, Bandung', '084963294002', '9399287251775270', 'KTP'),
(134, 'Heni Dewi', 'Jl. Fitri No. 92, Palembang', '085213794596', '7395850317298268', 'KTP'),
(135, 'Hendra Erwin', 'Jl. Tini No. 15, Jakarta', '087044293773', '1347373456233583', 'SIM'),
(136, 'Tini Dewi', 'Jl. Cipto No. 85, Bali', '086893069438', '1243141555065205', 'KTP'),
(137, 'Rina Juli', 'Jl. Citra No. 23, Palembang', '083633867098', '9529106520077238', 'SIM'),
(138, 'Nanda Dani', 'Jl. Tini No. 5, Jakarta', '083443969047', '8198051869551886', 'KTP'),
(139, 'Juli Wahyu', 'Jl. Maulana No. 36, Makassar', '087059817628', '4504992406568583', 'KTP'),
(140, 'Dewi Nanda', 'Jl. Guntur No. 27, Yogyakarta', '088931675148', '6611998516998824', 'KTP'),
(141, 'Ferry Indra', 'Jl. Juli No. 63, Palembang', '087849666085', '8508338687692788', 'KTP'),
(142, 'Jamal Taufik', 'Jl. Nanda No. 11, Medan', '088842137198', '4783612560403462', 'SIM'),
(143, 'Guntur Maya', 'Jl. Rina No. 60, Makassar', '089990381290', '8583611485126638', 'SIM'),
(144, 'Cipto Hendra', 'Jl. Taufik No. 10, Medan', '088944174918', '8885277249012384', 'SIM'),
(145, 'Bella Wulan', 'Jl. Lina No. 4, Bandung', '082886083619', '4733976413167858', 'SIM'),
(146, 'Dewi Cipto', 'Jl. Rina No. 37, Surabaya', '088673671618', '4236241063597297', 'SIM'),
(147, 'Dani Imam', 'Jl. Maulana No. 99, Surabaya', '083916317840', '9768089072444990', 'KTP'),
(148, 'Juli Taufik', 'Jl. Cipto No. 93, Semarang', '082384008191', '6170714625732189', 'KTP'),
(149, 'Erwin Eko', 'Jl. Jamal No. 24, Semarang', '086715277680', '7755379470490532', 'SIM'),
(150, 'Citra Fitri', 'Jl. Dedi No. 19, Palembang', '081821959829', '3360028795492762', 'SIM'),
(151, 'Budi Diana', 'Jl. Maya No. 15, Yogyakarta', '086476889427', '6682481821904609', 'SIM'),
(152, 'Agus Putri', 'Jl. Agus No. 13, Bali', '083487445633', '6264993008995655', 'SIM'),
(153, 'Guntur Putra', 'Jl. Maya No. 23, Bali', '088027380705', '8576082224817060', 'KTP'),
(154, 'Gita Fitri', 'Jl. Budi No. 94, Surabaya', '081323981380', '1765728541650753', 'SIM'),
(155, 'Sandi Oki', 'Jl. Adi No. 93, Surabaya', '088773327753', '7135483651927727', 'SIM'),
(156, 'Dewi Lukman', 'Jl. Citra No. 12, Bandung', '088506535493', '4888939324892876', 'SIM'),
(157, 'Guntur Taufik', 'Jl. Juli No. 89, Surabaya', '085181135029', '8628033855466552', 'KTP'),
(158, 'Indra Rizal', 'Jl. Lina No. 71, Palembang', '083286616409', '7821327231666978', 'KTP'),
(159, 'Cipto Jamal', 'Jl. Citra No. 23, Medan', '086789180105', '5808755503606411', 'KTP'),
(160, 'Gilang Rizal', 'Jl. Maya No. 35, Bandung', '084844891822', '4019506883091275', 'SIM'),
(161, 'Elsa Wahyu', 'Jl. Bella No. 4, Makassar', '082431584486', '4440451762106614', 'KTP'),
(162, 'Fajar Nanda', 'Jl. Wahyu No. 34, Semarang', '089224395264', '8272768096845479', 'KTP'),
(163, 'Candra Maulana', 'Jl. Budi No. 85, Jakarta', '081510328504', '5495851103979011', 'SIM'),
(164, 'Elsa Dani', 'Jl. Tini No. 24, Bandung', '087838063450', '5217576076313672', 'SIM'),
(165, 'Gita Taufik', 'Jl. Elsa No. 94, Surabaya', '081345445648', '6718182640122162', 'KTP'),
(166, 'Juli Dani', 'Jl. Lukman No. 84, Yogyakarta', '081944177787', '1950454396317834', 'KTP'),
(167, 'Budi Putra', 'Jl. Cipto No. 37, Semarang', '087566631334', '1564822516196965', 'SIM'),
(168, 'Nanda Lina', 'Jl. Juli No. 51, Yogyakarta', '081575736882', '5946303602482233', 'SIM'),
(169, 'Fajar Putri', 'Jl. Ayu No. 85, Palembang', '086342941667', '3656733936890950', 'KTP'),
(170, 'Oki Ferry', 'Jl. Dedi No. 26, Bandung', '082533720330', '1709295102767213', 'KTP'),
(171, 'Eko Diana', 'Jl. Dani No. 68, Bali', '089532024685', '1161035909675888', 'KTP'),
(172, 'Heni Siti', 'Jl. Joko No. 92, Medan', '081214939680', '9792789796334192', 'KTP'),
(173, 'Dewi Ayu', 'Jl. Ayu No. 48, Bali', '081598745557', '9816605299327737', 'SIM'),
(174, 'Budi Fajar', 'Jl. Sari No. 97, Semarang', '088223210375', '7564626542778648', 'SIM'),
(175, 'Elsa Wahyu', 'Jl. Taufik No. 75, Bandung', '082337614566', '4065488667892146', 'SIM'),
(176, 'Fajar Fitri', 'Jl. Eko No. 16, Palembang', '082731507969', '5718506013077948', 'KTP'),
(177, 'Fajar Gilang', 'Jl. Cipto No. 32, Jakarta', '082779130370', '2960038554358990', 'SIM'),
(178, 'Erwin Bambang', 'Jl. Hendra No. 27, Surabaya', '083353123279', '3234136397259245', 'SIM'),
(179, 'Indah Imam', 'Jl. Cipto No. 10, Medan', '089337612715', '5426972690406801', 'SIM'),
(180, 'Indra Cipto', 'Jl. Gita No. 51, Bandung', '082674198238', '8075653835883061', 'KTP'),
(181, 'Putri Fajar', 'Jl. Heni No. 69, Jakarta', '085122596578', '7381107529874450', 'SIM'),
(182, 'Cipto Tini', 'Jl. Sandi No. 84, Bali', '087621116827', '8693887170415257', 'KTP'),
(183, 'Oki Bambang', 'Jl. Cipto No. 52, Surabaya', '089017936167', '8089941934536402', 'KTP'),
(184, 'Erwin Erwin', 'Jl. Lina No. 13, Bandung', '083626485581', '3381107176801701', 'KTP'),
(185, 'Tini Putri', 'Jl. Eko No. 72, Yogyakarta', '081292049230', '3972773814143664', 'SIM'),
(186, 'Gilang Gilang', 'Jl. Maulana No. 21, Makassar', '088526708153', '8218451720461561', 'KTP'),
(187, 'Tini Lukman', 'Jl. Candra No. 48, Palembang', '081310733322', '4633547207013795', 'SIM'),
(188, 'Jamal Agus', 'Jl. Budi No. 62, Palembang', '087995919390', '8481109103994052', 'KTP'),
(189, 'Bella Maulana', 'Jl. Putra No. 33, Surabaya', '087262906664', '6269851669993018', 'SIM'),
(190, 'Maya Rizal', 'Jl. Gilang No. 28, Palembang', '088484212665', '8305335982333318', 'SIM'),
(191, 'Wahyu Gita', 'Jl. Putri No. 93, Makassar', '083041643435', '7001556420464015', 'KTP'),
(192, 'Lina Cipto', 'Jl. Diana No. 15, Semarang', '086197801036', '5160342093005982', 'KTP'),
(193, 'Rina Juli', 'Jl. Eko No. 62, Bandung', '083048283516', '5897446868419855', 'SIM'),
(194, 'Sari Eko', 'Jl. Bambang No. 55, Surabaya', '087425155564', '9988525102811351', 'KTP'),
(195, 'Rizal Citra', 'Jl. Wahyu No. 95, Yogyakarta', '089088166226', '8672370724865994', 'SIM'),
(196, 'Sari Hari', 'Jl. Rizal No. 37, Medan', '081492429022', '9720908095304010', 'SIM'),
(197, 'Imam Maulana', 'Jl. Guntur No. 72, Jakarta', '087069111574', '9999993450819299', 'SIM'),
(198, 'Eko Adi', 'Jl. Taufik No. 3, Palembang', '085440902160', '2583135891623640', 'KTP'),
(199, 'Indah Candra', 'Jl. Dewi No. 6, Medan', '083901625004', '8279044527547892', 'SIM'),
(200, 'Rani Sandi', 'Jl. Rani No. 12, Medan', '086600036990', '5858635839194866', 'KTP'),
(201, 'Tini Juli', 'Jl. Tini No. 36, Jakarta', '086374508062', '6357135813520420', 'SIM'),
(202, 'Imam Wahyu', 'Jl. Dewi No. 71, Surabaya', '088160283870', '9531391388219461', 'KTP'),
(203, 'Candra Dani', 'Jl. Rina No. 76, Medan', '082022119599', '2658488074973590', 'SIM'),
(204, 'Hendra Siti', 'Jl. Ayu No. 69, Palembang', '089205214999', '3219481600335334', 'SIM'),
(205, 'Citra Rizal', 'Jl. Fajar No. 75, Bali', '081872008362', '3007387508245833', 'SIM'),
(206, 'Dedi Lina', 'Jl. Gita No. 38, Jakarta', '086791162206', '2736404038437498', 'KTP'),
(207, 'Kurniawan Elsa', 'Jl. Bella No. 27, Makassar', '085506445408', '4839909456104034', 'SIM'),
(208, 'Lukman Maya', 'Jl. Dewi No. 5, Yogyakarta', '086031021233', '6437299667676663', 'KTP'),
(209, 'Eko Hendra', 'Jl. Jamal No. 14, Bali', '086841967300', '5738000798236962', 'SIM'),
(210, 'Sari Sari', 'Jl. Dani No. 91, Jakarta', '083602168643', '4310119375946481', 'KTP'),
(211, 'Juli Sandi', 'Jl. Oki No. 36, Bandung', '084161290548', '2812034104924043', 'SIM'),
(212, 'Lukman Heni', 'Jl. Rani No. 64, Jakarta', '084453673108', '7321545053284963', 'SIM'),
(213, 'Hendra Elsa', 'Jl. Putra No. 79, Bandung', '083872970401', '2898506947808521', 'SIM'),
(214, 'Gilang Elsa', 'Jl. Imam No. 56, Bali', '084234029858', '9147995012837902', 'KTP'),
(215, 'Fajar Fajar', 'Jl. Cipto No. 1, Palembang', '082375437920', '2912183393198289', 'SIM'),
(216, 'Erwin Rizal', 'Jl. Dedi No. 77, Bandung', '081156356048', '2872301156465173', 'KTP'),
(217, 'Siti Indah', 'Jl. Maya No. 34, Jakarta', '081280341662', '4051742676168036', 'KTP'),
(218, 'Putra Dani', 'Jl. Elsa No. 52, Jakarta', '081412457044', '7499868793878755', 'SIM'),
(219, 'Siti Rina', 'Jl. Tini No. 78, Palembang', '089155641865', '5034498287701970', 'KTP'),
(220, 'Hendra Rina', 'Jl. Agus No. 15, Jakarta', '083118953837', '8644405048363836', 'KTP'),
(221, 'Tini Gita', 'Jl. Tini No. 17, Jakarta', '085828379060', '8106340145412730', 'SIM'),
(222, 'Gilang Dewi', 'Jl. Hari No. 22, Jakarta', '085053130127', '7576643499360589', 'KTP'),
(223, 'Siti Lukman', 'Jl. Heni No. 10, Palembang', '087827634471', '2884013605234061', 'KTP'),
(224, 'Oki Maulana', 'Jl. Putri No. 37, Makassar', '087259214162', '4068464711575948', 'SIM'),
(225, 'Wahyu Dedi', 'Jl. Citra No. 72, Medan', '081915713251', '3742227276486030', 'SIM'),
(226, 'Fajar Budi', 'Jl. Diana No. 11, Bandung', '089192169941', '4936742884450649', 'KTP'),
(227, 'Agus Guntur', 'Jl. Gilang No. 35, Makassar', '083438654077', '4512228098434864', 'KTP'),
(228, 'Guntur Elsa', 'Jl. Oki No. 52, Bali', '088234732409', '4818728154828665', 'KTP'),
(229, 'Diana Jamal', 'Jl. Maulana No. 75, Semarang', '084786147983', '5361938064675580', 'KTP'),
(230, 'Lukman Ayu', 'Jl. Rizal No. 25, Makassar', '089275121414', '3537113900408279', 'SIM'),
(231, 'Juli Ferry', 'Jl. Tini No. 26, Bali', '086553694025', '5635282735329931', 'KTP'),
(232, 'Citra Tini', 'Jl. Dewi No. 76, Bandung', '088413862247', '6657346549827060', 'KTP'),
(233, 'Sari Taufik', 'Jl. Indah No. 80, Bali', '084139600978', '2583857259391978', 'SIM'),
(234, 'Sari Ferry', 'Jl. Tini No. 7, Bali', '084012555878', '8198294102993548', 'KTP'),
(235, 'Erwin Adi', 'Jl. Maulana No. 31, Palembang', '085686977252', '9506346208949836', 'KTP'),
(236, 'Sandi Ferry', 'Jl. Bambang No. 32, Makassar', '086430641316', '5670123221254094', 'SIM'),
(237, 'Dedi Dani', 'Jl. Cipto No. 71, Jakarta', '086475849063', '3543413844592256', 'SIM'),
(238, 'Rizal Adi', 'Jl. Diana No. 22, Bandung', '082952863920', '7240676854552792', 'SIM'),
(239, 'Guntur Fitri', 'Jl. Juli No. 49, Makassar', '086527926329', '1911424560100243', 'SIM'),
(240, 'Maulana Lina', 'Jl. Lukman No. 34, Bandung', '084872414641', '2634397033785579', 'KTP'),
(241, 'Adi Diana', 'Jl. Joko No. 78, Yogyakarta', '085964260584', '6560862794470677', 'SIM'),
(242, 'Ferry Dewi', 'Jl. Rani No. 56, Bali', '084903646039', '2438608987233347', 'SIM'),
(243, 'Siti Guntur', 'Jl. Juli No. 17, Palembang', '085675512556', '8594451211002477', 'SIM'),
(244, 'Gilang Eko', 'Jl. Juli No. 58, Makassar', '083864170284', '2535854508147806', 'SIM'),
(245, 'Candra Bella', 'Jl. Fajar No. 13, Makassar', '085463375110', '9233507060586389', 'KTP'),
(246, 'Imam Bambang', 'Jl. Joko No. 40, Medan', '081790964328', '2423653050302103', 'SIM'),
(247, 'Imam Eko', 'Jl. Joko No. 75, Medan', '087730579535', '8915400178894569', 'SIM'),
(248, 'Lukman Gita', 'Jl. Citra No. 59, Makassar', '086229297871', '7235378370469235', 'SIM'),
(249, 'Guntur Elsa', 'Jl. Lina No. 16, Makassar', '086864345015', '4941349089408823', 'SIM'),
(250, 'Putri Rizal', 'Jl. Rani No. 39, Bandung', '089611227639', '1832971901947257', 'SIM'),
(251, 'Hari Gilang', 'Jl. Hendra No. 88, Medan', '085586683965', '3505705289055666', 'KTP'),
(252, 'Erwin Budi', 'Jl. Elsa No. 3, Bandung', '085647415307', '5540755432535362', 'KTP'),
(253, 'Imam Elsa', 'Jl. Kurniawan No. 100, Jakarta', '088428382971', '6948235835955028', 'KTP'),
(254, 'Gita Indah', 'Jl. Eko No. 9, Bandung', '088604834222', '5869806316380707', 'SIM'),
(255, 'Heni Fitri', 'Jl. Dewi No. 54, Semarang', '084477018728', '3305024583861444', 'SIM'),
(256, 'Dedi Wahyu', 'Jl. Rina No. 21, Jakarta', '089135207188', '7172647919715830', 'SIM'),
(257, 'Budi Citra', 'Jl. Maulana No. 17, Makassar', '085322367841', '9317036667700725', 'SIM'),
(258, 'Nanda Wulan', 'Jl. Nanda No. 45, Bali', '089421728446', '6183679820530223', 'KTP'),
(259, 'Putri Joko', 'Jl. Erwin No. 86, Surabaya', '087093575487', '8324283669037854', 'KTP'),
(260, 'Fitri Budi', 'Jl. Cipto No. 3, Jakarta', '081808629147', '3449200238016259', 'KTP'),
(261, 'Maya Jamal', 'Jl. Guntur No. 11, Medan', '085061698727', '5659386239887335', 'KTP'),
(262, 'Maulana Putri', 'Jl. Maulana No. 77, Yogyakarta', '089956654896', '6976345111133165', 'KTP'),
(263, 'Candra Taufik', 'Jl. Lukman No. 17, Bandung', '082576849522', '2235033580272716', 'KTP'),
(264, 'Putra Erwin', 'Jl. Tini No. 89, Jakarta', '087259829489', '2199313712867423', 'SIM'),
(265, 'Oki Indra', 'Jl. Rani No. 82, Bandung', '087848546184', '3818441213248092', 'SIM'),
(266, 'Ferry Dani', 'Jl. Ferry No. 13, Yogyakarta', '086539491658', '1833620388405130', 'KTP'),
(267, 'Indra Guntur', 'Jl. Fajar No. 92, Semarang', '085768611716', '3917020592998542', 'SIM'),
(268, 'Indah Guntur', 'Jl. Sandi No. 55, Yogyakarta', '087927666424', '1561621499157084', 'KTP'),
(269, 'Kurniawan Wahyu', 'Jl. Nanda No. 99, Medan', '087119476955', '2527080949749972', 'KTP'),
(270, 'Juli Sandi', 'Jl. Heni No. 4, Surabaya', '083643173749', '8218379431016137', 'KTP'),
(271, 'Lukman Cipto', 'Jl. Rani No. 68, Surabaya', '083408249514', '1846676151288541', 'SIM'),
(272, 'Wahyu Bella', 'Jl. Imam No. 61, Semarang', '081157817642', '6348797112052898', 'SIM'),
(273, 'Rizal Imam', 'Jl. Joko No. 83, Bali', '084547956398', '4121380930390260', 'SIM'),
(274, 'Guntur Bella', 'Jl. Bambang No. 6, Makassar', '085579907135', '7577303698230010', 'KTP'),
(275, 'Hendra Bella', 'Jl. Oki No. 44, Semarang', '085965006372', '8971083700296483', 'KTP'),
(276, 'Kurniawan Eko', 'Jl. Rizal No. 43, Medan', '089975440741', '7709889801210851', 'KTP'),
(277, 'Gilang Cipto', 'Jl. Jamal No. 41, Semarang', '089503245231', '4401774671457276', 'KTP'),
(278, 'Cipto Candra', 'Jl. Wahyu No. 80, Makassar', '084117485210', '6148655951527415', 'KTP'),
(279, 'Imam Imam', 'Jl. Oki No. 50, Bandung', '086424709364', '5508397899245374', 'SIM'),
(280, 'Diana Fitri', 'Jl. Putri No. 58, Bandung', '084082215384', '4704225342944509', 'KTP'),
(281, 'Dani Oki', 'Jl. Oki No. 74, Palembang', '085498284296', '5542515966754948', 'SIM'),
(282, 'Tini Lukman', 'Jl. Putri No. 30, Jakarta', '089548578241', '7792056299403049', 'KTP'),
(283, 'Adi Eko', 'Jl. Joko No. 85, Medan', '085696424643', '5067470787137085', 'KTP'),
(284, 'Putri Dedi', 'Jl. Fitri No. 32, Medan', '087370762964', '6227312022278956', 'KTP'),
(285, 'Fajar Heni', 'Jl. Citra No. 37, Surabaya', '088510152874', '4345651932822150', 'SIM'),
(286, 'Ferry Wulan', 'Jl. Diana No. 56, Palembang', '086226815470', '9698489039607988', 'SIM'),
(287, 'Rizal Juli', 'Jl. Imam No. 89, Medan', '085316086768', '9948055947297427', 'KTP'),
(288, 'Candra Dani', 'Jl. Indra No. 24, Yogyakarta', '089620050488', '8293920140020148', 'SIM'),
(289, 'Ayu Rizal', 'Jl. Indra No. 46, Makassar', '087817880242', '2683390954404796', 'SIM'),
(290, 'Wahyu Wahyu', 'Jl. Ayu No. 15, Jakarta', '087985503839', '2948000073888865', 'KTP'),
(291, 'Imam Indah', 'Jl. Sari No. 21, Palembang', '085728029813', '4522391282010132', 'KTP'),
(292, 'Ayu Guntur', 'Jl. Fajar No. 3, Semarang', '083123696432', '1362592548570252', 'KTP'),
(293, 'Dewi Cipto', 'Jl. Taufik No. 27, Surabaya', '085044942885', '9208224226581077', 'KTP'),
(294, 'Sari Jamal', 'Jl. Guntur No. 12, Jakarta', '087725374485', '5945556395363968', 'SIM'),
(295, 'Hendra Diana', 'Jl. Wahyu No. 89, Jakarta', '081353390118', '7897595881982976', 'SIM'),
(296, 'Bambang Fajar', 'Jl. Maulana No. 2, Surabaya', '087119009222', '6107690614047606', 'SIM'),
(297, 'Cipto Putra', 'Jl. Imam No. 23, Jakarta', '083176841071', '5772146074865439', 'SIM'),
(298, 'Erwin Diana', 'Jl. Nanda No. 28, Palembang', '084802370232', '1995689683503453', 'SIM'),
(299, 'Candra Sari', 'Jl. Jamal No. 97, Makassar', '083743322468', '1312068226784281', 'SIM'),
(300, 'Rina Maya', 'Jl. Oki No. 99, Palembang', '081542314289', '2687915790337316', 'KTP'),
(301, 'Adi Maya', 'Jl. Juli No. 100, Medan', '084860743791', '7348874751931000', 'KTP'),
(302, 'Fajar Citra', 'Jl. Lina No. 50, Bandung', '083918063969', '4491224919952355', 'SIM'),
(303, 'Adi Rizal', 'Jl. Heni No. 52, Surabaya', '087048964175', '6881554996638902', 'KTP'),
(304, 'Rani Putra', 'Jl. Wulan No. 75, Surabaya', '088328380603', '8188523595745977', 'KTP'),
(305, 'Citra Juli', 'Jl. Indra No. 53, Jakarta', '089491227299', '9765755638222246', 'SIM'),
(306, 'Dewi Guntur', 'Jl. Putri No. 47, Makassar', '084829651373', '5697994518766358', 'SIM'),
(307, 'Hari Hari', 'Jl. Kurniawan No. 80, Semarang', '085127865681', '5407908609193355', 'KTP'),
(308, 'Agus Hendra', 'Jl. Gilang No. 64, Makassar', '089372565971', '7642653723152682', 'KTP'),
(309, 'Sandi Juli', 'Jl. Fajar No. 49, Bandung', '083125867274', '7159584483938919', 'KTP'),
(310, 'Hendra Taufik', 'Jl. Lukman No. 87, Semarang', '085441886023', '2818783751991885', 'KTP'),
(311, 'Dewi Dewi', 'Jl. Indah No. 83, Bandung', '084797729693', '5646186225512597', 'SIM'),
(312, 'Taufik Wulan', 'Jl. Lukman No. 27, Bandung', '084843026968', '6657079230266841', 'SIM'),
(313, 'Elsa Putra', 'Jl. Diana No. 93, Yogyakarta', '082540983692', '8731787346764365', 'SIM'),
(314, 'Maulana Elsa', 'Jl. Citra No. 57, Surabaya', '087837194586', '1306643547362115', 'SIM'),
(315, 'Nanda Candra', 'Jl. Sari No. 19, Surabaya', '087393579575', '9985445477270402', 'SIM'),
(316, 'Hari Indra', 'Jl. Indah No. 83, Surabaya', '087652017236', '9319826545351758', 'SIM'),
(317, 'Ferry Dewi', 'Jl. Ayu No. 75, Palembang', '088656135499', '5416362642855062', 'KTP'),
(318, 'Dani Sari', 'Jl. Adi No. 53, Palembang', '082728064641', '2238005965085202', 'SIM'),
(319, 'Siti Maya', 'Jl. Maya No. 50, Surabaya', '087979109492', '6568982212514729', 'SIM'),
(320, 'Kurniawan Maulana', 'Jl. Kurniawan No. 35, Yogyakarta', '086563795135', '9107880878258866', 'SIM'),
(321, 'Hari Ferry', 'Jl. Diana No. 6, Medan', '084423881625', '7843571053071802', 'SIM'),
(322, 'Lukman Candra', 'Jl. Imam No. 90, Makassar', '089023032628', '2695865124750138', 'SIM'),
(323, 'Ayu Nanda', 'Jl. Budi No. 90, Surabaya', '087327211577', '9744616543835784', 'SIM'),
(324, 'Eko Hendra', 'Jl. Erwin No. 32, Jakarta', '088534667694', '9198484258832556', 'SIM'),
(325, 'Cipto Citra', 'Jl. Heni No. 54, Semarang', '081405873063', '7474924801207699', 'KTP'),
(326, 'Fitri Putra', 'Jl. Budi No. 69, Palembang', '088223333556', '2644265342102136', 'KTP'),
(327, 'Kurniawan Candra', 'Jl. Citra No. 63, Palembang', '083510590765', '2400707095914650', 'KTP'),
(328, 'Haji Nawi', 'Jalan kesana kemari 45', '08754324568', '1232799687709774', 'KTP');

-- --------------------------------------------------------

--
-- Table structure for table `tipe_kamar`
--

CREATE TABLE `tipe_kamar` (
  `id_kamar` int(11) NOT NULL,
  `tipe` varchar(50) NOT NULL,
  `harga_per_mlm` decimal(12,2) NOT NULL,
  `max_orang` int(11) NOT NULL,
  `foto` varchar(255) DEFAULT NULL
) ENGINE=InnoDB DEFAULT CHARSET=utf8mb4 COLLATE=utf8mb4_general_ci;

--
-- Dumping data for table `tipe_kamar`
--

INSERT INTO `tipe_kamar` (`id_kamar`, `tipe`, `harga_per_mlm`, `max_orang`, `foto`) VALUES
(1, 'Standart', 300000.00, 2, 'foto_696a86de14236.jpg'),
(2, 'Deluxe', 550000.00, 4, 'foto_696a86ea7563d.jpg'),
(3, 'President', 1050000.00, 6, 'foto_696a86fb62261.jpg');

-- --------------------------------------------------------

--
-- Table structure for table `users`
--

CREATE TABLE `users` (
  `id` int(11) NOT NULL,
  `username` varchar(50) NOT NULL,
  `password` varchar(255) NOT NULL,
  `nama` varchar(100) NOT NULL,
  `created_at` timestamp NOT NULL DEFAULT current_timestamp(),
  `foto` varchar(255) DEFAULT NULL
) ENGINE=InnoDB DEFAULT CHARSET=utf8mb4 COLLATE=utf8mb4_general_ci;

--
-- Dumping data for table `users`
--

INSERT INTO `users` (`id`, `username`, `password`, `nama`, `created_at`, `foto`) VALUES
(3, 'nabil', '$2y$10$jKEdkAhK4kcQHUw9Qjij8evKcubN5Zlts7ucElGN.FskTtmPooWbO', 'NABIL LABQINO', '2026-01-16 18:14:56', 'foto_696a80203f7cb.jpg'),
(4, 'tyler', '$2y$10$In6Me7lWJIpNwMelgvm4ke8BEuqUYx/8lWq8uYSsB3KXVMYMrdujK', 'Ratno Anung', '2026-01-17 07:40:14', 'foto_696b3cde04a6f.jpg'),
(5, 'carti', '$2y$10$oGGc/SUzMQh9NnBlam8JlOi.4N5wwYe2bYKzhmyNv1XPVl8b4y3zW', 'jordan teler', '2026-01-17 12:38:53', 'foto_696b82ddb7ce1.jpg');

--
-- Indexes for dumped tables
--

--
-- Indexes for table `bedroom`
--
ALTER TABLE `bedroom`
  ADD PRIMARY KEY (`no_kamar`),
  ADD KEY `id_kamar` (`id_kamar`);

--
-- Indexes for table `menyewa`
--
ALTER TABLE `menyewa`
  ADD PRIMARY KEY (`id_sewa`),
  ADD KEY `id_cust` (`id_cust`),
  ADD KEY `no_kamar` (`no_kamar`);

--
-- Indexes for table `penyewa`
--
ALTER TABLE `penyewa`
  ADD PRIMARY KEY (`id_cust`);

--
-- Indexes for table `tipe_kamar`
--
ALTER TABLE `tipe_kamar`
  ADD PRIMARY KEY (`id_kamar`);

--
-- Indexes for table `users`
--
ALTER TABLE `users`
  ADD PRIMARY KEY (`id`),
  ADD UNIQUE KEY `username` (`username`);

--
-- AUTO_INCREMENT for dumped tables
--

--
-- AUTO_INCREMENT for table `menyewa`
--
ALTER TABLE `menyewa`
  MODIFY `id_sewa` int(11) NOT NULL AUTO_INCREMENT, AUTO_INCREMENT=533;

--
-- AUTO_INCREMENT for table `penyewa`
--
ALTER TABLE `penyewa`
  MODIFY `id_cust` int(11) NOT NULL AUTO_INCREMENT, AUTO_INCREMENT=329;

--
-- AUTO_INCREMENT for table `tipe_kamar`
--
ALTER TABLE `tipe_kamar`
  MODIFY `id_kamar` int(11) NOT NULL AUTO_INCREMENT, AUTO_INCREMENT=4;

--
-- AUTO_INCREMENT for table `users`
--
ALTER TABLE `users`
  MODIFY `id` int(11) NOT NULL AUTO_INCREMENT, AUTO_INCREMENT=6;

--
-- Constraints for dumped tables
--

--
-- Constraints for table `bedroom`
--
ALTER TABLE `bedroom`
  ADD CONSTRAINT `bedroom_ibfk_1` FOREIGN KEY (`id_kamar`) REFERENCES `tipe_kamar` (`id_kamar`) ON DELETE CASCADE;

--
-- Constraints for table `menyewa`
--
ALTER TABLE `menyewa`
  ADD CONSTRAINT `menyewa_ibfk_1` FOREIGN KEY (`id_cust`) REFERENCES `penyewa` (`id_cust`) ON DELETE CASCADE,
  ADD CONSTRAINT `menyewa_ibfk_2` FOREIGN KEY (`no_kamar`) REFERENCES `bedroom` (`no_kamar`) ON DELETE CASCADE;
COMMIT;

/*!40101 SET CHARACTER_SET_CLIENT=@OLD_CHARACTER_SET_CLIENT */;
/*!40101 SET CHARACTER_SET_RESULTS=@OLD_CHARACTER_SET_RESULTS */;
/*!40101 SET COLLATION_CONNECTION=@OLD_COLLATION_CONNECTION */;
